name,sn,date,scale,file,raster,cell_name,series,image,provisional,revision,printed,best_topo,best_img,priority,count,dups,barcode,notes
Anchorage A-8 SE,353583,1979,25000,AK_Anchorage A-7 NE_353583_1979_25000_geo.tif,AK_Anchorage A-7 NE_353583_1979_25000_geo,Anchorage A-7 NE,Topographic,0,0,1993,1993,0,0,99,3,2,,1) Map contents is actually Anchorge A-8 SE georeferenced to A-7 NE
Anchorage A-7 NE,353585,1993,25000,AK_Anchorage A-7 NE_353585_1993_25000_geo.tif,AK_Anchorage A-7 NE_353585_1993_25000_geo,Anchorage A-7 NE,Topographic,0,0,,1993,1,0,1,1,,,
Anchorage A-7 NW,353580,1993,25000,AK_Anchorage A-7 NW_353580_1993_25000_geo.tif,AK_Anchorage A-7 NW_353580_1993_25000_geo,Anchorage A-7 NW,Topographic,0,0,,1993,1,0,1,1,,,
Anchorage A-8 NE,353581,1979,25000,AK_Anchorage A-8 NE_353581_1979_25000_geo.tif,AK_Anchorage A-8 NE_353581_1979_25000_geo,Anchorage A-8 NE,Topographic,0,0,1993,1993,1,0,1,3,2,Y,
Anchorage A-8 NE,353582,1979,25000,AK_Anchorage A-8 NE_353582_1979_25000_geo.tif,AK_Anchorage A-8 NE_353582_1979_25000_geo,Anchorage A-8 NE,Topographic,0,0,1993,1993,0,0,3,3,2,,
Anchorage A-8 NE,353588,1979,25000,AK_Anchorage A-8 NE_353588_1979_25000_geo.tif,AK_Anchorage A-8 NE_353588_1979_25000_geo,Anchorage A-8 NE,Topographic,0,0,,1979,0,0,2,3,,,
Anchorage A-8 NW,353586,1979,25000,AK_Anchorage A-8 NW_353586_1979_25000_geo.tif,AK_Anchorage A-8 NW_353586_1979_25000_geo,Anchorage A-8 NW,Topographic,0,0,1994,1994,0,0,3,3,2,,
Anchorage A-8 NW,353587,1979,25000,AK_Anchorage A-8 NW_353587_1979_25000_geo.tif,AK_Anchorage A-8 NW_353587_1979_25000_geo,Anchorage A-8 NW,Topographic,0,0,1994,1994,1,0,1,3,2,Y,
Anchorage A-8 NW,353589,1979,25000,AK_Anchorage A-8 NW_353589_1979_25000_geo.tif,AK_Anchorage A-8 NW_353589_1979_25000_geo,Anchorage A-8 NW,Topographic,0,0,,1980,0,0,2,3,,,
Anchorage A-8 SE,353590,1979,25000,AK_Anchorage A-8 SE_353590_1979_25000_geo.tif,AK_Anchorage A-8 SE_353590_1979_25000_geo,Anchorage A-8 SE,Topographic,0,0,,1979,0,0,2,3,,,
Anchorage A-8 SE,463476,1979,25000,AK_Anchorage A-8 SE_463476_1979_25000_geo.tif,AK_Anchorage A-8 SE_463476_1979_25000_geo,Anchorage A-8 SE,Topographic,0,0,1993,1993,1,0,1,3,2,,
Anchorage A-8 SW,353584,1993,25000,AK_Anchorage A-8 SW_353584_1993_25000_geo.tif,AK_Anchorage A-8 SW_353584_1993_25000_geo,Anchorage A-8 SW,Topographic,0,0,,1993,1,0,1,2,,,
Anchorage A-8 SW,353591,1979,25000,AK_Anchorage A-8 SW_353591_1979_25000_geo.tif,AK_Anchorage A-8 SW_353591_1979_25000_geo,Anchorage A-8 SW,Topographic,0,0,,1980,0,0,2,2,,,
Anchorage B-6 NW,353592,1979,25000,AK_Anchorage B-6 NW_353592_1979_25000_geo.tif,AK_Anchorage B-6 NW_353592_1979_25000_geo,Anchorage B-6 NW,Topographic,0,0,,1979,0,0,2,2,,,
Anchorage B-6 NW,361851,1979,25000,AK_Anchorage B-6 NW_361851_1979_25000_geo.tif,AK_Anchorage B-6 NW_361851_1979_25000_geo,Anchorage B-6 NW,Topographic,0,0,1993,1993,1,0,1,2,,,
Anchorage B-7 NE,353593,1979,25000,AK_Anchorage B-7 NE_353593_1979_25000_geo.tif,AK_Anchorage B-7 NE_353593_1979_25000_geo,Anchorage B-7 NE,Topographic,0,0,,1979,0,0,3,3,,,
Anchorage B-7 NE,353594,1979,25000,AK_Anchorage B-7 NE_353594_1979_25000_geo.tif,AK_Anchorage B-7 NE_353594_1979_25000_geo,Anchorage B-7 NE,Topographic,0,0,,1987,0,0,2,3,,,
Anchorage B-7 NE,353595,1979,25000,AK_Anchorage B-7 NE_353595_1979_25000_geo.tif,AK_Anchorage B-7 NE_353595_1979_25000_geo,Anchorage B-7 NE,Topographic,0,0,1993,1993,1,0,1,3,,,
Anchorage B-7 NW,353596,1979,25000,AK_Anchorage B-7 NW_353596_1979_25000_geo.tif,AK_Anchorage B-7 NW_353596_1979_25000_geo,Anchorage B-7 NW,Topographic,1,0,,1980,0,0,2,2,2,,
Anchorage B-7 NW,353597,1979,25000,AK_Anchorage B-7 NW_353597_1979_25000_geo.tif,AK_Anchorage B-7 NW_353597_1979_25000_geo,Anchorage B-7 NW,Topographic,1,0,,1980,0,1,1,2,2,,
Anchorage B-7 NW,353598,1979,25000,AK_Anchorage B-7 NW_353598_1979_25000_geo.tif,AK_Anchorage B-7 NW_353598_1979_25000_geo,Anchorage B-7 NW,Topographic,0,0,1993,1993,1,0,1,1,,,
Anchorage B-7 SE,353599,1979,25000,AK_Anchorage B-7 SE_353599_1979_25000_geo.tif,AK_Anchorage B-7 SE_353599_1979_25000_geo,Anchorage B-7 SE,Topographic,0,0,,1979,0,0,2,2,,,
Anchorage B-7 SE,353600,1979,25000,AK_Anchorage B-7 SE_353600_1979_25000_geo.tif,AK_Anchorage B-7 SE_353600_1979_25000_geo,Anchorage B-7 SE,Topographic,0,0,1993,1993,1,0,1,2,,,
Anchorage B-7 SW,353601,1979,25000,AK_Anchorage B-7 SW_353601_1979_25000_geo.tif,AK_Anchorage B-7 SW_353601_1979_25000_geo,Anchorage B-7 SW,Topographic,0,0,,1979,0,0,3,4,,,
Anchorage B-7 SW,353602,1979,25000,AK_Anchorage B-7 SW_353602_1979_25000_geo.tif,AK_Anchorage B-7 SW_353602_1979_25000_geo,Anchorage B-7 SW,Topographic,0,0,,1987,0,0,2,4,,,
Anchorage B-7 SW,353603,1979,25000,AK_Anchorage B-7 SW_353603_1979_25000_geo.tif,AK_Anchorage B-7 SW_353603_1979_25000_geo,Anchorage B-7 SW,Topographic,0,0,1993,1994,0,0,4,4,2,,
Anchorage B-7 SW,353604,1979,25000,AK_Anchorage B-7 SW_353604_1979_25000_geo.tif,AK_Anchorage B-7 SW_353604_1979_25000_geo,Anchorage B-7 SW,Topographic,0,0,1993,1994,1,0,1,4,2,Y,
Anchorage B-8 NE,353605,1979,25000,AK_Anchorage B-8 NE_353605_1979_25000_geo.tif,AK_Anchorage B-8 NE_353605_1979_25000_geo,Anchorage B-8 NE,Topographic,0,0,1993,1993,0,0,2,2,2,,
Anchorage B-8 NE,353606,1979,25000,AK_Anchorage B-8 NE_353606_1979_25000_geo.tif,AK_Anchorage B-8 NE_353606_1979_25000_geo,Anchorage B-8 NE,Topographic,0,0,1993,1993,1,0,1,2,2,YY,
Anchorage B-8 NE,353607,1979,25000,AK_Anchorage B-8 NE_353607_1979_25000_geo.tif,AK_Anchorage B-8 NE_353607_1979_25000_geo,Anchorage B-8 NE,Topographic,1,0,,1980,0,1,1,1,,,
Anchorage B-8 NW,353608,1979,25000,AK_Anchorage B-8 NW_353608_1979_25000_geo.tif,AK_Anchorage B-8 NW_353608_1979_25000_geo,Anchorage B-8 NW,Topographic,0,0,1993,1993,1,0,1,1,,,
Anchorage B-8 NW,353609,1979,25000,AK_Anchorage B-8 NW_353609_1979_25000_geo.tif,AK_Anchorage B-8 NW_353609_1979_25000_geo,Anchorage B-8 NW,Topographic,1,0,,1980,0,1,1,1,,,
Anchorage B-8 SE,353611,1979,25000,AK_Anchorage B-8 SE_353611_1979_25000_geo.tif,AK_Anchorage B-8 SE_353611_1979_25000_geo,Anchorage B-8 SE,Topographic,0,0,1993,1993,1,0,1,1,,,
Anchorage B-8 SE,353612,1979,25000,AK_Anchorage B-8 SE_353612_1979_25000_geo.tif,AK_Anchorage B-8 SE_353612_1979_25000_geo,Anchorage B-8 SE,Topographic,1,0,,1981,0,1,1,1,,,
Anchorage B-8 SW,353613,1979,25000,AK_Anchorage B-8 SW_353613_1979_25000_geo.tif,AK_Anchorage B-8 SW_353613_1979_25000_geo,Anchorage B-8 SW,Topographic,0,0,1993,1993,1,0,1,1,,,
Anchorage B-8 SW,353614,1979,25000,AK_Anchorage B-8 SW_353614_1979_25000_geo.tif,AK_Anchorage B-8 SW_353614_1979_25000_geo,Anchorage B-8 SW,Topographic,1,0,,1980,0,1,1,1,,,
Anchorage C-6 NE,353615,1979,25000,AK_Anchorage C-6 NE_353615_1979_25000_geo.tif,AK_Anchorage C-6 NE_353615_1979_25000_geo,Anchorage C-6 NE,Topographic,0,0,1993,1993,1,0,1,3,,,
Anchorage C-6 NE,353616,1979,25000,AK_Anchorage C-6 NE_353616_1979_25000_geo.tif,AK_Anchorage C-6 NE_353616_1979_25000_geo,Anchorage C-6 NE,Topographic,0,0,,1979,0,0,3,3,2,,
Anchorage C-6 NE,353617,1979,25000,AK_Anchorage C-6 NE_353617_1979_25000_geo.tif,AK_Anchorage C-6 NE_353617_1979_25000_geo,Anchorage C-6 NE,Topographic,0,0,,1979,0,0,2,3,2,,
Anchorage C-6 NW,353618,1979,25000,AK_Anchorage C-6 NW_353618_1979_25000_geo.tif,AK_Anchorage C-6 NW_353618_1979_25000_geo,Anchorage C-6 NW,Topographic,0,0,1993,1993,1,0,1,2,,,
Anchorage C-6 NW,353619,1979,25000,AK_Anchorage C-6 NW_353619_1979_25000_geo.tif,AK_Anchorage C-6 NW_353619_1979_25000_geo,Anchorage C-6 NW,Topographic,0,0,,1979,0,0,2,2,,,
Anchorage C-6 SE,353620,1979,25000,AK_Anchorage C-6 SE_353620_1979_25000_geo.tif,AK_Anchorage C-6 SE_353620_1979_25000_geo,Anchorage C-6 SE,Topographic,0,0,1993,1993,1,0,1,3,,,
Anchorage C-6 SE,353621,1979,25000,AK_Anchorage C-6 SE_353621_1979_25000_geo.tif,AK_Anchorage C-6 SE_353621_1979_25000_geo,Anchorage C-6 SE,Topographic,0,0,,1979,0,0,2,3,2,,
Anchorage C-6 SE,353622,1979,25000,AK_Anchorage C-6 SE_353622_1979_25000_geo.tif,AK_Anchorage C-6 SE_353622_1979_25000_geo,Anchorage C-6 SE,Topographic,0,0,,1979,0,0,3,3,2,,
Anchorage C-6 SW,353623,1992,25000,AK_Anchorage C-6 SW_353623_1992_25000_geo.tif,AK_Anchorage C-6 SW_353623_1992_25000_geo,Anchorage C-6 SW,Topographic,0,0,,1992,1,0,1,1,,,
Anchorage C-6 SW,353624,1979,25000,AK_Anchorage C-6 SW_353624_1979_25000_geo.tif,AK_Anchorage C-6 SW_353624_1979_25000_geo,Anchorage C-6 SW,Topographic,1,0,,1980,0,1,1,2,2,,
Anchorage C-6 SW,353625,1979,25000,AK_Anchorage C-6 SW_353625_1979_25000_geo.tif,AK_Anchorage C-6 SW_353625_1979_25000_geo,Anchorage C-6 SW,Topographic,1,0,,1980,0,0,2,2,2,,
Anchorage C-7 NE,353626,1979,25000,AK_Anchorage C-7 NE_353626_1979_25000_geo.tif,AK_Anchorage C-7 NE_353626_1979_25000_geo,Anchorage C-7 NE,Topographic,0,0,,1979,0,0,2,2,,,
Anchorage C-7 NE,353627,1979,25000,AK_Anchorage C-7 NE_353627_1979_25000_geo.tif,AK_Anchorage C-7 NE_353627_1979_25000_geo,Anchorage C-7 NE,Topographic,0,0,1993,1993,1,0,1,2,,,
Anchorage C-7 NW,353628,1979,25000,AK_Anchorage C-7 NW_353628_1979_25000_geo.tif,AK_Anchorage C-7 NW_353628_1979_25000_geo,Anchorage C-7 NW,Topographic,0,0,,1979,0,0,2,2,,,
Anchorage C-7 NW,353629,1979,25000,AK_Anchorage C-7 NW_353629_1979_25000_geo.tif,AK_Anchorage C-7 NW_353629_1979_25000_geo,Anchorage C-7 NW,Topographic,0,0,1993,1993,1,0,1,2,,,
Anchorage C-7 SE,353630,1979,25000,AK_Anchorage C-7 SE_353630_1979_25000_geo.tif,AK_Anchorage C-7 SE_353630_1979_25000_geo,Anchorage C-7 SE,Topographic,1,0,,1980,0,1,1,1,,,
Anchorage C-7 SE,353631,1992,25000,AK_Anchorage C-7 SE_353631_1992_25000_geo.tif,AK_Anchorage C-7 SE_353631_1992_25000_geo,Anchorage C-7 SE,Topographic,0,0,,1992,1,0,1,1,,,
Anchorage C-7 SW,353632,1979,25000,AK_Anchorage C-7 SW_353632_1979_25000_geo.tif,AK_Anchorage C-7 SW_353632_1979_25000_geo,Anchorage C-7 SW,Topographic,1,0,,1980,0,1,1,1,,,
Anchorage C-7 SW,353633,1992,25000,AK_Anchorage C-7 SW_353633_1992_25000_geo.tif,AK_Anchorage C-7 SW_353633_1992_25000_geo,Anchorage C-7 SW,Topographic,0,0,,1992,1,0,1,1,,,
Anchorage C-8 NE,353634,1979,25000,AK_Anchorage C-8 NE_353634_1979_25000_geo.tif,AK_Anchorage C-8 NE_353634_1979_25000_geo,Anchorage C-8 NE,Topographic,0,0,,1979,0,0,2,2,,,
Anchorage C-8 NE,353635,1979,25000,AK_Anchorage C-8 NE_353635_1979_25000_geo.tif,AK_Anchorage C-8 NE_353635_1979_25000_geo,Anchorage C-8 NE,Topographic,0,0,1993,1993,1,0,1,2,,,
Anchorage C-8 NW,353636,1979,25000,AK_Anchorage C-8 NW_353636_1979_25000_geo.tif,AK_Anchorage C-8 NW_353636_1979_25000_geo,Anchorage C-8 NW,Topographic,1,0,,1981,0,1,1,1,,,
Anchorage C-8 NW,353637,1979,25000,AK_Anchorage C-8 NW_353637_1979_25000_geo.tif,AK_Anchorage C-8 NW_353637_1979_25000_geo,Anchorage C-8 NW,Topographic,0,0,1993,1993,1,0,1,1,,,
Anchorage C-8 SE,353638,1979,25000,AK_Anchorage C-8 SE_353638_1979_25000_geo.tif,AK_Anchorage C-8 SE_353638_1979_25000_geo,Anchorage C-8 SE,Topographic,1,0,,1980,0,1,1,1,,,
Anchorage C-8 SE,353639,1992,25000,AK_Anchorage C-8 SE_353639_1992_25000_geo.tif,AK_Anchorage C-8 SE_353639_1992_25000_geo,Anchorage C-8 SE,Topographic,0,0,,1992,1,0,1,1,,,
Anchorage C-8 SW,353640,1979,25000,AK_Anchorage C-8 SW_353640_1979_25000_geo.tif,AK_Anchorage C-8 SW_353640_1979_25000_geo,Anchorage C-8 SW,Topographic,1,0,,1980,0,0,2,2,,,
Anchorage C-8 SW,353641,1979,25000,AK_Anchorage C-8 SW_353641_1979_25000_geo.tif,AK_Anchorage C-8 SW_353641_1979_25000_geo,Anchorage C-8 SW,Topographic,1,0,,1986,0,1,1,2,,,
Anchorage C-8 SW,353642,1979,25000,AK_Anchorage C-8 SW_353642_1979_25000_geo.tif,AK_Anchorage C-8 SW_353642_1979_25000_geo,Anchorage C-8 SW,Topographic,0,0,1993,1997,1,0,1,3,2,Y,
Anchorage C-8 SW,353643,1979,25000,AK_Anchorage C-8 SW_353643_1979_25000_geo.tif,AK_Anchorage C-8 SW_353643_1979_25000_geo,Anchorage C-8 SW,Topographic,0,0,1993,1993,0,0,2,3,,,
Anchorage C-8 SW,353644,1979,25000,AK_Anchorage C-8 SW_353644_1979_25000_geo.tif,AK_Anchorage C-8 SW_353644_1979_25000_geo,Anchorage C-8 SW,Topographic,0,0,1993,1997,0,0,3,3,2,YY,
Anchorage D-7 SW,353645,1983,25000,AK_Anchorage D-7 SW_353645_1983_25000_geo.tif,AK_Anchorage D-7 SW_353645_1983_25000_geo,Anchorage D-7 SW,Topographic,0,1,,1983,1,0,1,1,,,
Anchorage D-8 SE,353646,1983,25000,AK_Anchorage D-8 SE_353646_1983_25000_geo.tif,AK_Anchorage D-8 SE_353646_1983_25000_geo,Anchorage D-8 SE,Topographic,0,1,,1983,1,0,1,1,,,
Anchorage D-8 SW,353647,1983,25000,AK_Anchorage D-8 SW_353647_1983_25000_geo.tif,AK_Anchorage D-8 SW_353647_1983_25000_geo,Anchorage D-8 SW,Topographic,0,1,,1983,1,0,1,1,,,
Beechey Point A-2 NE,353543,1970,24000,AK_Beechey Point A-2 NE_353543_1970_24000_geo.tif,AK_Beechey Point A-2 NE_353543_1970_24000_geo,Beechey Point A-2 NE,Topographic,1,0,,1971,0,0,2,2,2,,
Beechey Point A-2 NE,353544,1970,24000,AK_Beechey Point A-2 NE_353544_1970_24000_geo.tif,AK_Beechey Point A-2 NE_353544_1970_24000_geo,Beechey Point A-2 NE,Topographic,1,0,,1971,0,1,1,2,2,,
Beechey Point A-2 NW,353545,1970,24000,AK_Beechey Point A-2 NW_353545_1970_24000_geo.tif,AK_Beechey Point A-2 NW_353545_1970_24000_geo,Beechey Point A-2 NW,Topographic,1,0,,1971,0,0,2,2,,,
Beechey Point A-2 NW,353546,1970,24000,AK_Beechey Point A-2 NW_353546_1970_24000_geo.tif,AK_Beechey Point A-2 NW_353546_1970_24000_geo,Beechey Point A-2 NW,Topographic,1,0,,1974,0,1,1,2,,,
Beechey Point A-3 NE,353547,1970,24000,AK_Beechey Point A-3 NE_353547_1970_24000_geo.tif,AK_Beechey Point A-3 NE_353547_1970_24000_geo,Beechey Point A-3 NE,Topographic,1,0,,1971,0,0,2,2,,,
Beechey Point A-3 NE,353548,1970,24000,AK_Beechey Point A-3 NE_353548_1970_24000_geo.tif,AK_Beechey Point A-3 NE_353548_1970_24000_geo,Beechey Point A-3 NE,Topographic,1,0,,1973,0,1,1,2,,,
Beechey Point A-3 NW,353549,1970,24000,AK_Beechey Point A-3 NW_353549_1970_24000_geo.tif,AK_Beechey Point A-3 NW_353549_1970_24000_geo,Beechey Point A-3 NW,Topographic,1,0,,1971,0,0,2,2,,,
Beechey Point A-3 NW,353550,1970,24000,AK_Beechey Point A-3 NW_353550_1970_24000_geo.tif,AK_Beechey Point A-3 NW_353550_1970_24000_geo,Beechey Point A-3 NW,Topographic,1,0,,1973,0,1,1,2,,,
Beechey Point A-4 NE,353551,1970,24000,AK_Beechey Point A-4 NE_353551_1970_24000_geo.tif,AK_Beechey Point A-4 NE_353551_1970_24000_geo,Beechey Point A-4 NE,Topographic,1,0,,1971,0,0,2,2,,,
Beechey Point A-4 NE,353552,1970,24000,AK_Beechey Point A-4 NE_353552_1970_24000_geo.tif,AK_Beechey Point A-4 NE_353552_1970_24000_geo,Beechey Point A-4 NE,Topographic,1,0,,1974,0,1,1,2,,,
Beechey Point B-2 SE,353554,1970,24000,AK_Beechey Point B-2 SE_353554_1970_24000_geo.tif,AK_Beechey Point B-2 SE_353554_1970_24000_geo,Beechey Point B-2 SE,Topographic,1,0,,1971,0,0,2,3,,,
Beechey Point B-2 SE,353555,1970,24000,AK_Beechey Point B-2 SE_353555_1970_24000_geo.tif,AK_Beechey Point B-2 SE_353555_1970_24000_geo,Beechey Point B-2 SE,Topographic,1,0,,1974,0,1,1,3,2,,
Beechey Point B-2 SE,463554,1970,24000,AK_Beechey Point B-2 SE_463554_1970_24000_geo.tif,AK_Beechey Point B-2 SE_463554_1970_24000_geo,Beechey Point B-2 SE,Topographic,1,0,,1974,0,0,3,3,2,,
Beechey Point B-2 SW,353556,1970,24000,AK_Beechey Point B-2 SW_353556_1970_24000_geo.tif,AK_Beechey Point B-2 SW_353556_1970_24000_geo,Beechey Point B-2 SW,Topographic,1,0,,1971,0,0,2,2,2,,
Beechey Point B-2 SW,353557,1970,24000,AK_Beechey Point B-2 SW_353557_1970_24000_geo.tif,AK_Beechey Point B-2 SW_353557_1970_24000_geo,Beechey Point B-2 SW,Topographic,1,0,,1971,0,1,1,2,2,,
Beechey Point B-3 NW,353558,1970,24000,AK_Beechey Point B-3 NW_353558_1970_24000_geo.tif,AK_Beechey Point B-3 NW_353558_1970_24000_geo,Beechey Point B-3 NW,Topographic,1,0,,1974,0,0,3,3,2,,
Beechey Point B-3 NW,353559,1970,24000,AK_Beechey Point B-3 NW_353559_1970_24000_geo.tif,AK_Beechey Point B-3 NW_353559_1970_24000_geo,Beechey Point B-3 NW,Topographic,1,0,,1971,0,0,2,3,,,
Beechey Point B-3 NW,353560,1970,24000,AK_Beechey Point B-3 NW_353560_1970_24000_geo.tif,AK_Beechey Point B-3 NW_353560_1970_24000_geo,Beechey Point B-3 NW,Topographic,1,0,,1974,0,1,1,3,2,,
Beechey Point B-3 SE,353561,1970,24000,AK_Beechey Point B-3 SE_353561_1970_24000_geo.tif,AK_Beechey Point B-3 SE_353561_1970_24000_geo,Beechey Point B-3 SE,Topographic,1,0,,1971,0,0,2,2,,,
Beechey Point B-3 SE,353562,1970,24000,AK_Beechey Point B-3 SE_353562_1970_24000_geo.tif,AK_Beechey Point B-3 SE_353562_1970_24000_geo,Beechey Point B-3 SE,Topographic,1,0,,1973,0,1,1,2,,,
Beechey Point B-3 SW,353563,1970,24000,AK_Beechey Point B-3 SW_353563_1970_24000_geo.tif,AK_Beechey Point B-3 SW_353563_1970_24000_geo,Beechey Point B-3 SW,Topographic,1,0,,1971,0,0,2,2,,,
Beechey Point B-3 SW,353564,1970,24000,AK_Beechey Point B-3 SW_353564_1970_24000_geo.tif,AK_Beechey Point B-3 SW_353564_1970_24000_geo,Beechey Point B-3 SW,Topographic,1,0,,1974,0,1,1,2,,,
Beechey Point B-4 NE,353565,1970,24000,AK_Beechey Point B-4 NE_353565_1970_24000_geo.tif,AK_Beechey Point B-4 NE_353565_1970_24000_geo,Beechey Point B-4 NE,Topographic,1,0,,1971,0,0,2,2,,,
Beechey Point B-4 NE,353566,1970,24000,AK_Beechey Point B-4 NE_353566_1970_24000_geo.tif,AK_Beechey Point B-4 NE_353566_1970_24000_geo,Beechey Point B-4 NE,Topographic,1,0,,1974,0,1,1,2,,,
Beechey Point B-4 SE,353567,1970,24000,AK_Beechey Point B-4 SE_353567_1970_24000_geo.tif,AK_Beechey Point B-4 SE_353567_1970_24000_geo,Beechey Point B-4 SE,Topographic,1,0,,1971,0,0,2,2,,,
Beechey Point B-4 SE,353568,1970,24000,AK_Beechey Point B-4 SE_353568_1970_24000_geo.tif,AK_Beechey Point B-4 SE_353568_1970_24000_geo,Beechey Point B-4 SE,Topographic,1,0,,1973,0,1,1,2,,,
Big Delta B-6 NW,353649,1992,25000,AK_Big Delta B-6 NW_353649_1992_25000_geo.tif,AK_Big Delta B-6 NW_353649_1992_25000_geo,Big Delta B-6 NW,Topographic,0,0,,1992,1,0,1,1,,,
Big Delta C-6 NW,353650,1992,25000,AK_Big Delta C-6 NW_353650_1992_25000_geo.tif,AK_Big Delta C-6 NW_353650_1992_25000_geo,Big Delta C-6 NW,Topographic,0,0,,1992,1,0,1,1,,,
Big Delta C-6 SW,353651,1992,25000,AK_Big Delta C-6 SW_353651_1992_25000_geo.tif,AK_Big Delta C-6 SW_353651_1992_25000_geo,Big Delta C-6 SW,Topographic,0,0,,1992,1,0,1,1,,,
Big Delta D-6 NW,353652,1992,25000,AK_Big Delta D-6 NW_353652_1992_25000_geo.tif,AK_Big Delta D-6 NW_353652_1992_25000_geo,Big Delta D-6 NW,Topographic,0,0,,1992,1,0,1,1,,,
Big Delta D-6 SW,353653,1992,25000,AK_Big Delta D-6 SW_353653_1992_25000_geo.tif,AK_Big Delta D-6 SW_353653_1992_25000_geo,Big Delta D-6 SW,Topographic,0,0,,1992,1,0,1,1,,,
Cold Bay Sheet No 1 of 25,463627,1944,25000,AK_Cold Bay Sheet No 1 of 25_463627_1944_25000_geo.tif,AK_Cold Bay Sheet No 1 of 25_463627_1944_25000_geo,Cold Bay B-3 NE,Military,0,0,,1944,1,0,1,1,,,1) Cell name not the same as name; 2) Print date assumed
Cold Bay Sheet No 2 of 25,463628,1944,25000,AK_Cold Bay Sheet No 2 of 25_463628_1944_25000_geo.tif,AK_Cold Bay Sheet No 2 of 25_463628_1944_25000_geo,Cold Bay B-2 NW,Military,0,0,,1944,1,0,1,1,,,1) Cell name not the same as name; 2) Print date assumed
Cold Bay Sheet No 20 of 25,463629,1944,25000,AK_Cold Bay Sheet No 20 of 25_463629_1944_25000_geo.tif,AK_Cold Bay Sheet No 20 of 25_463629_1944_25000_geo,False Pass D-3 NW,Military,0,0,,1944,1,0,1,1,,,1) Cell name not the same as name; 2) Print date assumed
Cordova B-4 NW,353654,1983,25000,AK_Cordova B-4 NW_353654_1983_25000_geo.tif,AK_Cordova B-4 NW_353654_1983_25000_geo,Cordova B-4 NW,Topographic,0,0,,1983,1,0,1,1,,,
Cordova C-4 SW,353655,1983,25000,AK_Cordova C-4 SW_353655_1983_25000_geo.tif,AK_Cordova C-4 SW_353655_1983_25000_geo,Cordova C-4 SW,Topographic,0,0,,1983,1,0,1,1,,,
Cordova C-5 SE,353656,1983,25000,AK_Cordova C-5 SE_353656_1983_25000_geo.tif,AK_Cordova C-5 SE_353656_1983_25000_geo,Cordova C-5 SE,Topographic,0,0,,1983,1,0,1,1,,,
Cordova C-5 SW,353657,1983,25000,AK_Cordova C-5 SW_353657_1983_25000_geo.tif,AK_Cordova C-5 SW_353657_1983_25000_geo,Cordova C-5 SW,Topographic,0,0,,1983,1,0,1,1,,,
Fairbanks C-1 NE,353658,1992,25000,AK_Fairbanks C-1 NE_353658_1992_25000_geo.tif,AK_Fairbanks C-1 NE_353658_1992_25000_geo,Fairbanks C-1 NE,Topographic,0,0,,1992,0,0,2,2,2,,
Fairbanks C-1 NE,353659,1992,25000,AK_Fairbanks C-1 NE_353659_1992_25000_geo.tif,AK_Fairbanks C-1 NE_353659_1992_25000_geo,Fairbanks C-1 NE,Topographic,0,0,,1992,1,0,1,2,2,Y,
Fairbanks C-1 NW,353660,1992,25000,AK_Fairbanks C-1 NW_353660_1992_25000_geo.tif,AK_Fairbanks C-1 NW_353660_1992_25000_geo,Fairbanks C-1 NW,Topographic,0,0,,1992,1,0,1,1,,,
Fairbanks C-1 SE,353661,1992,25000,AK_Fairbanks C-1 SE_353661_1992_25000_geo.tif,AK_Fairbanks C-1 SE_353661_1992_25000_geo,Fairbanks C-1 SE,Topographic,0,0,,1992,1,0,1,1,,,
Fairbanks D-1 NE,353662,1992,25000,AK_Fairbanks D-1 NE_353662_1992_25000_geo.tif,AK_Fairbanks D-1 NE_353662_1992_25000_geo,Fairbanks D-1 NE,Topographic,0,0,,1992,1,0,1,1,,,
Fairbanks D-1 NW,353663,1992,25000,AK_Fairbanks D-1 NW_353663_1992_25000_geo.tif,AK_Fairbanks D-1 NW_353663_1992_25000_geo,Fairbanks D-1 NW,Topographic,0,0,,1992,1,0,1,2,2,YY,
Fairbanks D-1 NW,463710,1992,25000,AK_Fairbanks D-1 NW_463710_1992_25000_geo.tif,AK_Fairbanks D-1 NW_463710_1992_25000_geo,Fairbanks D-1 NW,Topographic,0,0,,1992,0,0,2,2,2,,
Fairbanks D-1 SE,353664,1992,25000,AK_Fairbanks D-1 SE_353664_1992_25000_geo.tif,AK_Fairbanks D-1 SE_353664_1992_25000_geo,Fairbanks D-1 SE,Topographic,0,0,,1992,1,0,1,1,,,
Fairbanks D-1 SW,353569,1966,24000,AK_Fairbanks D-1 SW_353569_1966_24000_geo.tif,AK_Fairbanks D-1 SW_353569_1966_24000_geo,Fairbanks D-1 SW,Topographic,0,0,,1970,0,0,3,3,,,
Fairbanks D-1 SW,353570,1966,24000,AK_Fairbanks D-1 SW_353570_1966_24000_geo.tif,AK_Fairbanks D-1 SW_353570_1966_24000_geo,Fairbanks D-1 SW,Topographic,0,0,1981,1982,0,0,2,3,,,
Fairbanks D-1 SW,353665,1992,25000,AK_Fairbanks D-1 SW_353665_1992_25000_geo.tif,AK_Fairbanks D-1 SW_353665_1992_25000_geo,Fairbanks D-1 SW,Topographic,0,0,,1992,1,0,1,3,,,
Fairbanks D-2 NE,353571,1966,24000,AK_Fairbanks D-2 NE_353571_1966_24000_geo.tif,AK_Fairbanks D-2 NE_353571_1966_24000_geo,Fairbanks D-2 NE,Topographic,0,0,1972,1973,0,0,2,3,,,
Fairbanks D-2 NE,353572,1966,24000,AK_Fairbanks D-2 NE_353572_1966_24000_geo.tif,AK_Fairbanks D-2 NE_353572_1966_24000_geo,Fairbanks D-2 NE,Topographic,0,0,,1970,0,0,3,3,,,
Fairbanks D-2 NE,353667,1992,25000,AK_Fairbanks D-2 NE_353667_1992_25000_geo.tif,AK_Fairbanks D-2 NE_353667_1992_25000_geo,Fairbanks D-2 NE,Topographic,0,0,,1992,1,0,1,3,,,
Fairbanks D-2 NW,353573,1966,24000,AK_Fairbanks D-2 NW_353573_1966_24000_geo.tif,AK_Fairbanks D-2 NW_353573_1966_24000_geo,Fairbanks D-2 NW,Topographic,0,0,,1970,0,0,3,4,,,
Fairbanks D-2 NW,353574,1966,24000,AK_Fairbanks D-2 NW_353574_1966_24000_geo.tif,AK_Fairbanks D-2 NW_353574_1966_24000_geo,Fairbanks D-2 NW,Topographic,0,0,1975,1977,0,0,2,4,,,
Fairbanks D-2 NW,353668,1992,25000,AK_Fairbanks D-2 NW_353668_1992_25000_geo.tif,AK_Fairbanks D-2 NW_353668_1992_25000_geo,Fairbanks D-2 NW,Topographic,0,0,,1992,0,0,4,4,2,,
Fairbanks D-2 NW,353669,1992,25000,AK_Fairbanks D-2 NW_353669_1992_25000_geo.tif,AK_Fairbanks D-2 NW_353669_1992_25000_geo,Fairbanks D-2 NW,Topographic,0,0,,1992,1,0,1,4,2,YY,
Fairbanks D-2 SE,353575,1966,24000,AK_Fairbanks D-2 SE_353575_1966_24000_geo.tif,AK_Fairbanks D-2 SE_353575_1966_24000_geo,Fairbanks D-2 SE,Topographic,0,0,,1970,0,0,3,3,,,
Fairbanks D-2 SE,353576,1966,24000,AK_Fairbanks D-2 SE_353576_1966_24000_geo.tif,AK_Fairbanks D-2 SE_353576_1966_24000_geo,Fairbanks D-2 SE,Topographic,0,0,1976,1977,0,0,2,3,,,
Fairbanks D-2 SE,353670,1992,25000,AK_Fairbanks D-2 SE_353670_1992_25000_geo.tif,AK_Fairbanks D-2 SE_353670_1992_25000_geo,Fairbanks D-2 SE,Topographic,0,0,,1992,1,0,1,3,,YY,
Fairbanks D-2 SW,353578,1966,24000,AK_Fairbanks D-2 SW_353578_1966_24000_geo.tif,AK_Fairbanks D-2 SW_353578_1966_24000_geo,Fairbanks D-2 SW,Topographic,0,0,,1970,0,0,3,5,,,
Fairbanks D-2 SW,353579,1966,24000,AK_Fairbanks D-2 SW_353579_1966_24000_geo.tif,AK_Fairbanks D-2 SW_353579_1966_24000_geo,Fairbanks D-2 SW,Topographic,0,0,,1975,0,0,2,5,,,
Fairbanks D-2 SW,353671,1992,25000,AK_Fairbanks D-2 SW_353671_1992_25000_geo.tif,AK_Fairbanks D-2 SW_353671_1992_25000_geo,Fairbanks D-2 SW,Topographic,0,0,,1992,1,0,1,5,3,YY,
Fairbanks D-2 SW,463712,1992,25000,AK_Fairbanks D-2 SW_463712_1992_25000_geo.tif,AK_Fairbanks D-2 SW_463712_1992_25000_geo,Fairbanks D-2 SW,Topographic,0,0,,1992,0,0,4,5,3,,
Fairbanks D-3 NE,353666,1992,25000,AK_Fairbanks D-3 NE_353666_1992_25000_geo.tif,AK_Fairbanks D-3 NE_353666_1992_25000_geo,Fairbanks D-3 NE,Topographic,0,0,,1992,1,0,1,1,,,
Fairbanks D-3 SE,353672,1992,25000,AK_Fairbanks D-3 SE_353672_1992_25000_geo.tif,AK_Fairbanks D-3 SE_353672_1992_25000_geo,Fairbanks D-3 SE,Topographic,0,0,,1992,1,0,1,1,,,
Fairbanks D-2 SW,353673,1992,25000,AK_Fairbanks D-3 SW_353673_1992_25000_geo.tif,AK_Fairbanks D-3 SW_353673_1992_25000_geo,Fairbanks D-3 SW,Topographic,0,0,,1992,0,0,99,5,3,YY,1) Map contents is actually Fairbanks D-2 SW georeferenced to D-3 SW
Juneau A-1 NW,353674,1986,25000,AK_Juneau A-1 NW_353674_1986_25000_geo.tif,AK_Juneau A-1 NW_353674_1986_25000_geo,Juneau A-1 NW,Topographic,0,1,,1987,1,0,1,1,,YY,
Juneau A-2 NE,353675,1986,25000,AK_Juneau A-2 NE_353675_1986_25000_geo.tif,AK_Juneau A-2 NE_353675_1986_25000_geo,Juneau A-2 NE,Topographic,0,1,,1987,1,0,1,1,,,
Juneau A-2 NW,353676,1986,25000,AK_Juneau A-2 NW_353676_1986_25000_geo.tif,AK_Juneau A-2 NW_353676_1986_25000_geo,Juneau A-2 NW,Topographic,0,1,,1987,1,0,1,1,,,
Juneau B-1 SW,353677,1986,25000,AK_Juneau B-1 SW_353677_1986_25000_geo.tif,AK_Juneau B-1 SW_353677_1986_25000_geo,Juneau B-1 SW,Topographic,0,1,,1987,1,0,1,1,,,
Juneau B-2 NW,353678,1986,25000,AK_Juneau B-2 NW_353678_1986_25000_geo.tif,AK_Juneau B-2 NW_353678_1986_25000_geo,Juneau B-2 NW,Topographic,0,1,,1987,0,0,2,2,2,,
Juneau B-2 NW,353679,1986,25000,AK_Juneau B-2 NW_353679_1986_25000_geo.tif,AK_Juneau B-2 NW_353679_1986_25000_geo,Juneau B-2 NW,Topographic,0,1,,1987,1,0,1,2,2,YY,
Juneau B-2 SE,353680,1986,25000,AK_Juneau B-2 SE_353680_1986_25000_geo.tif,AK_Juneau B-2 SE_353680_1986_25000_geo,Juneau B-2 SE,Topographic,0,1,,1987,1,0,1,2,2,YY,
Juneau B-2 SE,353681,1986,25000,AK_Juneau B-2 SE_353681_1986_25000_geo.tif,AK_Juneau B-2 SE_353681_1986_25000_geo,Juneau B-2 SE,Topographic,0,1,,1987,0,0,2,2,2,,
Juneau B-2 SW,353683,1986,25000,AK_Juneau B-2 SW_353683_1986_25000_geo.tif,AK_Juneau B-2 SW_353683_1986_25000_geo,Juneau B-2 SW,Topographic,0,1,,1987,0,0,2,2,2,,
Juneau B-2 SW,353684,1986,25000,AK_Juneau B-2 SW_353684_1986_25000_geo.tif,AK_Juneau B-2 SW_353684_1986_25000_geo,Juneau B-2 SW,Topographic,0,1,,1987,1,0,1,2,2,Y,
Juneau B-3 NE,353685,1986,25000,AK_Juneau B-3 NE_353685_1986_25000_geo.tif,AK_Juneau B-3 NE_353685_1986_25000_geo,Juneau B-3 NE,Topographic,0,1,,1987,1,0,1,1,,,
Juneau B-3 NW,353686,1986,25000,AK_Juneau B-3 NW_353686_1986_25000_geo.tif,AK_Juneau B-3 NW_353686_1986_25000_geo,Juneau B-3 NW,Topographic,0,1,,1987,1,0,1,1,,,
Juneau B-3 SE,353687,1986,25000,AK_Juneau B-3 SE_353687_1986_25000_geo.tif,AK_Juneau B-3 SE_353687_1986_25000_geo,Juneau B-3 SE,Topographic,0,1,,1987,1,0,1,1,,,
Juneau B-3 SW,353688,1986,25000,AK_Juneau B-3 SW_353688_1986_25000_geo.tif,AK_Juneau B-3 SW_353688_1986_25000_geo,Juneau B-3 SW,Topographic,0,1,,1987,1,0,1,1,,,
Juneau C-3 NW,353689,1986,25000,AK_Juneau C-3 NW_353689_1986_25000_geo.tif,AK_Juneau C-3 NW_353689_1986_25000_geo,Juneau C-3 NW,Topographic,0,1,,1987,1,0,1,1,,,
Juneau C-3 SE,353690,1986,25000,AK_Juneau C-3 SE_353690_1986_25000_geo.tif,AK_Juneau C-3 SE_353690_1986_25000_geo,Juneau C-3 SE,Topographic,0,1,,1987,1,0,1,1,,,
Juneau C-3 SW,353691,1986,25000,AK_Juneau C-3 SW_353691_1986_25000_geo.tif,AK_Juneau C-3 SW_353691_1986_25000_geo,Juneau C-3 SW,Topographic,0,1,,1987,1,0,1,1,,,
Kenai A-4 NE,353692,1987,25000,AK_Kenai A-4 NE_353692_1987_25000_geo.tif,AK_Kenai A-4 NE_353692_1987_25000_geo,Kenai A-4 NE,Topographic,0,1,,1987,1,0,1,1,,,
Kenai A-4 NW,353693,1987,25000,AK_Kenai A-4 NW_353693_1987_25000_geo.tif,AK_Kenai A-4 NW_353693_1987_25000_geo,Kenai A-4 NW,Topographic,0,1,,1987,1,0,1,1,,,
Kenai A-4 SW,353694,1987,25000,AK_Kenai A-4 SW_353694_1987_25000_geo.tif,AK_Kenai A-4 SW_353694_1987_25000_geo,Kenai A-4 SW,Topographic,0,1,,1987,1,0,1,1,,,
Kenai A-5 NE,353695,1987,25000,AK_Kenai A-5 NE_353695_1987_25000_geo.tif,AK_Kenai A-5 NE_353695_1987_25000_geo,Kenai A-5 NE,Topographic,0,1,,1987,1,0,1,1,,,
Kenai A-5 SE,353696,1987,25000,AK_Kenai A-5 SE_353696_1987_25000_geo.tif,AK_Kenai A-5 SE_353696_1987_25000_geo,Kenai A-5 SE,Topographic,0,1,,1987,1,0,1,1,,,
Kenai A-5 SW,353697,1987,25000,AK_Kenai A-5 SW_353697_1987_25000_geo.tif,AK_Kenai A-5 SW_353697_1987_25000_geo,Kenai A-5 SW,Topographic,0,1,,1987,1,0,1,1,,,
Kenai B-1 NE,353698,1986,25000,AK_Kenai B-1 NE_353698_1986_25000_geo.tif,AK_Kenai B-1 NE_353698_1986_25000_geo,Kenai B-1 NE,Topographic,0,1,,1986,1,0,1,1,,,
Kenai B-1 NW,353699,1986,25000,AK_Kenai B-1 NW_353699_1986_25000_geo.tif,AK_Kenai B-1 NW_353699_1986_25000_geo,Kenai B-1 NW,Topographic,0,1,,1986,1,0,1,2,2,,
Kenai B-1 NW,353700,1986,25000,AK_Kenai B-1 NW_353700_1986_25000_geo.tif,AK_Kenai B-1 NW_353700_1986_25000_geo,Kenai B-1 NW,Topographic,0,1,,1986,0,0,2,2,2,,1) Missing Annotation
Kenai B-2 NE,353701,1986,25000,AK_Kenai B-2 NE_353701_1986_25000_geo.tif,AK_Kenai B-2 NE_353701_1986_25000_geo,Kenai B-2 NE,Topographic,0,1,,1986,1,0,1,1,,,
Kenai B-2 NW,353702,1986,25000,AK_Kenai B-2 NW_353702_1986_25000_geo.tif,AK_Kenai B-2 NW_353702_1986_25000_geo,Kenai B-2 NW,Topographic,0,1,,1986,1,0,1,1,,,
Kenai B-3 NE,353703,1986,25000,AK_Kenai B-3 NE_353703_1986_25000_geo.tif,AK_Kenai B-3 NE_353703_1986_25000_geo,Kenai B-3 NE,Topographic,0,1,,1986,1,0,1,1,,,
Kenai B-3 NW,353704,1986,25000,AK_Kenai B-3 NW_353704_1986_25000_geo.tif,AK_Kenai B-3 NW_353704_1986_25000_geo,Kenai B-3 NW,Topographic,0,1,,1986,1,0,1,1,,,
Kenai B-3 SW,353705,1986,25000,AK_Kenai B-3 SW_353705_1986_25000_geo.tif,AK_Kenai B-3 SW_353705_1986_25000_geo,Kenai B-3 SW,Topographic,0,1,,1986,1,0,1,1,,,
Kenai B-4 NE,353706,1986,25000,AK_Kenai B-4 NE_353706_1986_25000_geo.tif,AK_Kenai B-4 NE_353706_1986_25000_geo,Kenai B-4 NE,Topographic,0,1,,1986,1,0,1,1,,,
Kenai B-4 NW,353707,1986,25000,AK_Kenai B-4 NW_353707_1986_25000_geo.tif,AK_Kenai B-4 NW_353707_1986_25000_geo,Kenai B-4 NW,Topographic,0,1,,1986,1,0,1,1,,,
Kenai B-4 SE,353708,1986,25000,AK_Kenai B-4 SE_353708_1986_25000_geo.tif,AK_Kenai B-4 SE_353708_1986_25000_geo,Kenai B-4 SE,Topographic,0,1,,1986,1,0,1,1,,,
Kenai B-4 SW,353709,1986,25000,AK_Kenai B-4 SW_353709_1986_25000_geo.tif,AK_Kenai B-4 SW_353709_1986_25000_geo,Kenai B-4 SW,Topographic,0,1,,1986,1,0,1,1,,,
Kenai C-1 NE,353710,1986,25000,AK_Kenai C-1 NE_353710_1986_25000_geo.tif,AK_Kenai C-1 NE_353710_1986_25000_geo,Kenai C-1 NE,Topographic,0,1,,1986,1,0,1,1,,,
Kenai C-1 NW,353711,1986,25000,AK_Kenai C-1 NW_353711_1986_25000_geo.tif,AK_Kenai C-1 NW_353711_1986_25000_geo,Kenai C-1 NW,Topographic,0,1,,1986,1,0,1,1,,,
Kenai C-1 SE,463860,1986,25000,AK_Kenai C-1 SE_463860_1986_25000_geo.tif,AK_Kenai C-1 SE_463860_1986_25000_geo,Kenai C-1 SE,Topographic,0,1,,1986,1,0,1,1,,,
Kenai C-1 SW,353712,1986,25000,AK_Kenai C-1 SW_353712_1986_25000_geo.tif,AK_Kenai C-1 SW_353712_1986_25000_geo,Kenai C-1 SW,Topographic,0,1,,1986,1,0,1,1,,,
Kenai C-2 NE,353713,1986,25000,AK_Kenai C-2 NE_353713_1986_25000_geo.tif,AK_Kenai C-2 NE_353713_1986_25000_geo,Kenai C-2 NE,Topographic,0,1,,1986,1,0,1,1,,,
Kenai C-2 NW,353715,1986,25000,AK_Kenai C-2 NW_353715_1986_25000_geo.tif,AK_Kenai C-2 NW_353715_1986_25000_geo,Kenai C-2 NW,Topographic,0,1,,1986,1,0,1,1,,,
Kenai C-2 SE,353716,1986,25000,AK_Kenai C-2 SE_353716_1986_25000_geo.tif,AK_Kenai C-2 SE_353716_1986_25000_geo,Kenai C-2 SE,Topographic,0,1,,1986,1,0,1,1,,,
Kenai C-2 SW,353717,1986,25000,AK_Kenai C-2 SW_353717_1986_25000_geo.tif,AK_Kenai C-2 SW_353717_1986_25000_geo,Kenai C-2 SW,Topographic,0,1,,1986,1,0,1,1,,,
Kenai C-3 NE,353718,1986,25000,AK_Kenai C-3 NE_353718_1986_25000_geo.tif,AK_Kenai C-3 NE_353718_1986_25000_geo,Kenai C-3 NE,Topographic,0,1,,1986,1,0,1,1,,,
Kenai C-3 NW,353719,1986,25000,AK_Kenai C-3 NW_353719_1986_25000_geo.tif,AK_Kenai C-3 NW_353719_1986_25000_geo,Kenai C-3 NW,Topographic,0,1,,1986,1,0,1,1,,,
Kenai C-3 SE,353720,1986,25000,AK_Kenai C-3 SE_353720_1986_25000_geo.tif,AK_Kenai C-3 SE_353720_1986_25000_geo,Kenai C-3 SE,Topographic,0,1,,1986,1,0,1,1,,,
Kenai C-3 SW,353721,1986,25000,AK_Kenai C-3 SW_353721_1986_25000_geo.tif,AK_Kenai C-3 SW_353721_1986_25000_geo,Kenai C-3 SW,Topographic,0,1,,1986,1,0,1,1,,,
Kenai C-4 NE,361897,1986,25000,AK_Kenai C-4 NE_361897_1986_25000_geo.tif,AK_Kenai C-4 NE_361897_1986_25000_geo,Kenai C-4 NE,Topographic,0,1,,1986,1,0,1,1,,,
Kenai C-4 NW,361898,1986,25000,AK_Kenai C-4 NW_361898_1986_25000_geo.tif,AK_Kenai C-4 NW_361898_1986_25000_geo,Kenai C-4 NW,Topographic,0,1,,1986,1,0,1,1,,,
Kenai C-4 SE,361899,1986,25000,AK_Kenai C-4 SE_361899_1986_25000_geo.tif,AK_Kenai C-4 SE_361899_1986_25000_geo,Kenai C-4 SE,Topographic,0,1,,1986,1,0,1,1,,,
Kenai C-4 SW,353722,1986,25000,AK_Kenai C-4 SW_353722_1986_25000_geo.tif,AK_Kenai C-4 SW_353722_1986_25000_geo,Kenai C-4 SW,Topographic,0,1,,1986,1,0,1,1,,,
Kenai D-1 NE,353723,1986,25000,AK_Kenai D-1 NE_353723_1986_25000_geo.tif,AK_Kenai D-1 NE_353723_1986_25000_geo,Kenai D-1 NE,Topographic,0,1,,1986,1,0,1,1,,,
Kenai D-1 NW,353724,1986,25000,AK_Kenai D-1 NW_353724_1986_25000_geo.tif,AK_Kenai D-1 NW_353724_1986_25000_geo,Kenai D-1 NW,Topographic,0,1,,1986,1,0,1,1,,,
Kenai D-1 SE,353725,1986,25000,AK_Kenai D-1 SE_353725_1986_25000_geo.tif,AK_Kenai D-1 SE_353725_1986_25000_geo,Kenai D-1 SE,Topographic,0,1,,1986,1,0,1,1,,,
Kenai D-1 SW,353726,1986,25000,AK_Kenai D-1 SW_353726_1986_25000_geo.tif,AK_Kenai D-1 SW_353726_1986_25000_geo,Kenai D-1 SW,Topographic,0,1,,1986,1,0,1,1,,,
Kenai D-2 NE,353727,1986,25000,AK_Kenai D-2 NE_353727_1986_25000_geo.tif,AK_Kenai D-2 NE_353727_1986_25000_geo,Kenai D-2 NE,Topographic,0,1,,1986,1,0,1,1,,,
Kenai D-2 NW,353728,1986,25000,AK_Kenai D-2 NW_353728_1986_25000_geo.tif,AK_Kenai D-2 NW_353728_1986_25000_geo,Kenai D-2 NW,Topographic,0,1,,1986,1,0,1,1,,,
Kenai D-2 SE,353729,1986,25000,AK_Kenai D-2 SE_353729_1986_25000_geo.tif,AK_Kenai D-2 SE_353729_1986_25000_geo,Kenai D-2 SE,Topographic,0,1,,1986,1,0,1,1,,,
Kenai D-2 SW,353730,1986,25000,AK_Kenai D-2 SW_353730_1986_25000_geo.tif,AK_Kenai D-2 SW_353730_1986_25000_geo,Kenai D-2 SW,Topographic,0,1,,1986,1,0,1,1,,,
Kenai D-3 NE,353731,1986,25000,AK_Kenai D-3 NE_353731_1986_25000_geo.tif,AK_Kenai D-3 NE_353731_1986_25000_geo,Kenai D-3 NE,Topographic,0,1,,1986,1,0,1,1,,,
Kenai D-3 SE,353732,1986,25000,AK_Kenai D-3 SE_353732_1986_25000_geo.tif,AK_Kenai D-3 SE_353732_1986_25000_geo,Kenai D-3 SE,Topographic,0,1,,1986,1,0,1,1,,,
Kenai D-3 SW,353733,1986,25000,AK_Kenai D-3 SW_353733_1986_25000_geo.tif,AK_Kenai D-3 SW_353733_1986_25000_geo,Kenai D-3 SW,Topographic,0,1,,1986,1,0,1,1,,,
Kenai D-4 SE,353735,1986,25000,AK_Kenai D-4 SE_353735_1986_25000_geo.tif,AK_Kenai D-4 SE_353735_1986_25000_geo,Kenai D-4 SE,Topographic,0,1,,1986,1,0,1,1,,,
Ketchikan B-5 NW,353736,1991,25000,AK_Ketchikan B-5 NW_353736_1991_25000_geo.tif,AK_Ketchikan B-5 NW_353736_1991_25000_geo,Ketchikan B-5 NW,Topographic,0,1,,1991,1,0,1,1,,,
Ketchikan B-5 SW,353737,1991,25000,AK_Ketchikan B-5 SW_353737_1991_25000_geo.tif,AK_Ketchikan B-5 SW_353737_1991_25000_geo,Ketchikan B-5 SW,Topographic,0,1,,1991,0,0,2,2,2,,
Ketchikan B-5 SW,353738,1991,25000,AK_Ketchikan B-5 SW_353738_1991_25000_geo.tif,AK_Ketchikan B-5 SW_353738_1991_25000_geo,Ketchikan B-5 SW,Topographic,0,1,,1991,1,0,1,2,2,Y,
Ketchikan B-6 NE,353739,1991,25000,AK_Ketchikan B-6 NE_353739_1991_25000_geo.tif,AK_Ketchikan B-6 NE_353739_1991_25000_geo,Ketchikan B-6 NE,Topographic,0,1,,1991,1,0,1,1,,,
Ketchikan B-6 SE,353740,1991,25000,AK_Ketchikan B-6 SE_353740_1991_25000_geo.tif,AK_Ketchikan B-6 SE_353740_1991_25000_geo,Ketchikan B-6 SE,Topographic,0,1,,1991,1,0,1,1,,,
Kodiak B-1 NW,353741,1987,25000,AK_Kodiak B-1 NW_353741_1987_25000_geo.tif,AK_Kodiak B-1 NW_353741_1987_25000_geo,Kodiak B-1 NW,Topographic,0,1,,1988,1,0,1,1,,,
Kodiak B-2 NE,353742,1987,25000,AK_Kodiak B-2 NE_353742_1987_25000_geo.tif,AK_Kodiak B-2 NE_353742_1987_25000_geo,Kodiak B-2 NE,Topographic,0,1,,1988,1,0,1,1,,,
Kodiak C-1 NE,353743,1987,25000,AK_Kodiak C-1 NE_353743_1987_25000_geo.tif,AK_Kodiak C-1 NE_353743_1987_25000_geo,Kodiak C-1 NE,Topographic,0,1,,1988,1,0,1,1,,,
Kodiak C-1 NW,353744,1987,25000,AK_Kodiak C-1 NW_353744_1987_25000_geo.tif,AK_Kodiak C-1 NW_353744_1987_25000_geo,Kodiak C-1 NW,Topographic,0,1,,1988,1,0,1,1,,,
Kodiak C-1 SE,353745,1987,25000,AK_Kodiak C-1 SE_353745_1987_25000_geo.tif,AK_Kodiak C-1 SE_353745_1987_25000_geo,Kodiak C-1 SE,Topographic,0,1,,1988,1,0,1,1,,,
Kodiak C-1 SW,353746,1987,25000,AK_Kodiak C-1 SW_353746_1987_25000_geo.tif,AK_Kodiak C-1 SW_353746_1987_25000_geo,Kodiak C-1 SW,Topographic,0,1,,1988,1,0,1,1,,,
Kodiak C-2 NE,353747,1987,25000,AK_Kodiak C-2 NE_353747_1987_25000_geo.tif,AK_Kodiak C-2 NE_353747_1987_25000_geo,Kodiak C-2 NE,Topographic,0,1,,1988,1,0,1,1,,,
Kodiak C-2 NW,353748,1987,25000,AK_Kodiak C-2 NW_353748_1987_25000_geo.tif,AK_Kodiak C-2 NW_353748_1987_25000_geo,Kodiak C-2 NW,Topographic,0,1,,1988,0,0,2,2,2,,
Kodiak C-2 NW,353749,1987,25000,AK_Kodiak C-2 NW_353749_1987_25000_geo.tif,AK_Kodiak C-2 NW_353749_1987_25000_geo,Kodiak C-2 NW,Topographic,0,1,,1988,1,0,1,2,2,Y,
Kodiak C-2 SE,353750,1987,25000,AK_Kodiak C-2 SE_353750_1987_25000_geo.tif,AK_Kodiak C-2 SE_353750_1987_25000_geo,Kodiak C-2 SE,Topographic,0,1,,1988,1,0,1,1,,,
Kodiak D-1 SW,353751,1987,25000,AK_Kodiak D-1 SW_353751_1987_25000_geo.tif,AK_Kodiak D-1 SW_353751_1987_25000_geo,Kodiak D-1 SW,Topographic,0,1,,1988,1,0,1,1,,,
Kodiak D-2 SE,353752,1987,25000,AK_Kodiak D-2 SE_353752_1987_25000_geo.tif,AK_Kodiak D-2 SE_353752_1987_25000_geo,Kodiak D-2 SE,Topographic,0,1,,1988,0,0,2,2,2,,
Kodiak D-2 SE,353753,1987,25000,AK_Kodiak D-2 SE_353753_1987_25000_geo.tif,AK_Kodiak D-2 SE_353753_1987_25000_geo,Kodiak D-2 SE,Topographic,0,1,,1988,1,0,1,2,2,Y,
Kodiak D-2 SW,353754,1987,25000,AK_Kodiak D-2 SW_353754_1987_25000_geo.tif,AK_Kodiak D-2 SW_353754_1987_25000_geo,Kodiak D-2 SW,Topographic,0,1,,1988,1,0,1,2,2,Y,
Kodiak D-2 SW,353755,1987,25000,AK_Kodiak D-2 SW_353755_1987_25000_geo.tif,AK_Kodiak D-2 SW_353755_1987_25000_geo,Kodiak D-2 SW,Topographic,0,1,,1988,0,0,2,2,2,,
Livengood A-1 SE,353757,1992,25000,AK_Livengood A-1 SE_353757_1992_25000_geo.tif,AK_Livengood A-1 SE_353757_1992_25000_geo,Livengood A-1 SE,Topographic,0,0,,1992,1,0,1,1,,,
Livengood A-1 SW,353758,1992,25000,AK_Livengood A-1 SW_353758_1992_25000_geo.tif,AK_Livengood A-1 SW_353758_1992_25000_geo,Livengood A-1 SW,Topographic,0,0,,1992,1,0,1,1,,,
Livengood A-2 SE,353759,1992,25000,AK_Livengood A-2 SE_353759_1992_25000_geo.tif,AK_Livengood A-2 SE_353759_1992_25000_geo,Livengood A-2 SE,Topographic,0,0,,1992,1,0,1,1,,,
Petersburg B-1 NW,353760,1992,25000,AK_Petersburg B-1 NW_353760_1992_25000_geo.tif,AK_Petersburg B-1 NW_353760_1992_25000_geo,Petersburg B-1 NW,Topographic,0,1,,1992,1,0,1,1,,,
Petersburg B-2 NE,353761,1992,25000,AK_Petersburg B-2 NE_353761_1992_25000_geo.tif,AK_Petersburg B-2 NE_353761_1992_25000_geo,Petersburg B-2 NE,Topographic,0,1,,1992,1,0,1,1,,,
Petersburg B-2 SE,353762,1992,25000,AK_Petersburg B-2 SE_353762_1992_25000_geo.tif,AK_Petersburg B-2 SE_353762_1992_25000_geo,Petersburg B-2 SE,Topographic,0,1,,1992,1,0,1,1,,,
Petersburg C-2 SW,353763,1992,25000,AK_Petersburg C-2 SW_353763_1992_25000_geo.tif,AK_Petersburg C-2 SW_353763_1992_25000_geo,Petersburg C-2 SW,Topographic,0,1,,1992,1,0,1,1,,,
Petersburg C-3 NE,353764,1992,25000,AK_Petersburg C-3 NE_353764_1992_25000_geo.tif,AK_Petersburg C-3 NE_353764_1992_25000_geo,Petersburg C-3 NE,Topographic,0,1,,1992,1,0,1,1,,,
Petersburg C-3 NW,353765,1992,25000,AK_Petersburg C-3 NW_353765_1992_25000_geo.tif,AK_Petersburg C-3 NW_353765_1992_25000_geo,Petersburg C-3 NW,Topographic,0,1,,1992,1,0,1,1,,,
Petersburg C-3 SE,353766,1992,25000,AK_Petersburg C-3 SE_353766_1992_25000_geo.tif,AK_Petersburg C-3 SE_353766_1992_25000_geo,Petersburg C-3 SE,Topographic,0,1,,1992,1,0,1,1,,,
Petersburg C-3 SW,353767,1992,25000,AK_Petersburg C-3 SW_353767_1992_25000_geo.tif,AK_Petersburg C-3 SW_353767_1992_25000_geo,Petersburg C-3 SW,Topographic,0,1,,1992,1,0,1,1,,,
Petersburg D-3 SW,353768,1992,25000,AK_Petersburg D-3 SW_353768_1992_25000_geo.tif,AK_Petersburg D-3 SW_353768_1992_25000_geo,Petersburg D-3 SW,Topographic,0,1,,1992,1,0,1,1,,,
Petersburg D-4 SE,353769,1992,25000,AK_Petersburg D-4 SE_353769_1992_25000_geo.tif,AK_Petersburg D-4 SE_353769_1992_25000_geo,Petersburg D-4 SE,Topographic,0,1,,1992,1,0,1,1,,,
Saint George Island East,353770,2001,25000,AK_Saint George Island East_353770_2001_25000_geo.tif,AK_Saint George Island East_353770_2001_25000_geo,Saint George Island East WGS84,Topographic,0,0,,2002,1,0,1,1,,Y,1) WGS84 datum
Saint George Island West,353771,2001,25000,AK_Saint George Island West_353771_2001_25000_geo.tif,AK_Saint George Island West_353771_2001_25000_geo,Saint George Island West WGS84,Topographic,0,0,,2002,1,0,1,1,,Y,1) WGS84 datum
Saint Paul Island East,353772,2001,25000,AK_Saint Paul Island East_353772_2001_25000_geo.tif,AK_Saint Paul Island East_353772_2001_25000_geo,Saint Paul Island East WGS84,Topographic,0,0,,2002,1,0,1,1,,Y,1) WGS84 datum
Saint Paul Island West,353773,2001,25000,AK_Saint Paul Island West_353773_2001_25000_geo.tif,AK_Saint Paul Island West_353773_2001_25000_geo,Saint Paul Island West WGS84,Topographic,0,0,,2002,1,0,1,1,,Y,1) WGS84 datum
Seldovia B-4 NW,353775,1987,25000,AK_Seldovia B-4 NW_353775_1987_25000_geo.tif,AK_Seldovia B-4 NW_353775_1987_25000_geo,Seldovia B-4 NW,Topographic,0,1,,1987,1,0,1,1,,,
Seldovia B-5 NE,353776,1987,25000,AK_Seldovia B-5 NE_353776_1987_25000_geo.tif,AK_Seldovia B-5 NE_353776_1987_25000_geo,Seldovia B-5 NE,Topographic,0,1,,1987,1,0,1,1,,,
Seldovia B-5 NW,353777,1987,25000,AK_Seldovia B-5 NW_353777_1987_25000_geo.tif,AK_Seldovia B-5 NW_353777_1987_25000_geo,Seldovia B-5 NW,Topographic,0,1,,1987,1,0,1,1,,,
Seldovia B-5 SW,353778,1987,25000,AK_Seldovia B-5 SW_353778_1987_25000_geo.tif,AK_Seldovia B-5 SW_353778_1987_25000_geo,Seldovia B-5 SW,Topographic,0,1,,1987,1,0,1,1,,,
Seldovia B-6 NE,353779,1987,25000,AK_Seldovia B-6 NE_353779_1987_25000_geo.tif,AK_Seldovia B-6 NE_353779_1987_25000_geo,Seldovia B-6 NE,Topographic,0,1,,1987,1,0,1,1,,,
Seldovia B-6 SE,353780,1987,25000,AK_Seldovia B-6 SE_353780_1987_25000_geo.tif,AK_Seldovia B-6 SE_353780_1987_25000_geo,Seldovia B-6 SE,Topographic,0,1,,1987,1,0,1,1,,,
Seldovia C-3 NW,353781,1987,25000,AK_Seldovia C-3 NW_353781_1987_25000_geo.tif,AK_Seldovia C-3 NW_353781_1987_25000_geo,Seldovia C-3 NW,Topographic,0,1,,1987,1,0,1,1,,,
Seldovia C-4 NE,353782,1987,25000,AK_Seldovia C-4 NE_353782_1987_25000_geo.tif,AK_Seldovia C-4 NE_353782_1987_25000_geo,Seldovia C-4 NE,Topographic,0,1,,1987,1,0,1,1,,,
Seldovia C-4 NW,353783,1987,25000,AK_Seldovia C-4 NW_353783_1987_25000_geo.tif,AK_Seldovia C-4 NW_353783_1987_25000_geo,Seldovia C-4 NW,Topographic,0,1,,1987,1,0,1,1,,,
Seldovia C-4 SE,353784,1987,25000,AK_Seldovia C-4 SE_353784_1987_25000_geo.tif,AK_Seldovia C-4 SE_353784_1987_25000_geo,Seldovia C-4 SE,Topographic,0,1,,1987,1,0,1,1,,,
Seldovia C-4 SW,353785,1987,25000,AK_Seldovia C-4 SW_353785_1987_25000_geo.tif,AK_Seldovia C-4 SW_353785_1987_25000_geo,Seldovia C-4 SW,Topographic,0,1,,1987,1,0,1,1,,,
Seldovia C-5 NE,353786,1987,25000,AK_Seldovia C-5 NE_353786_1987_25000_geo.tif,AK_Seldovia C-5 NE_353786_1987_25000_geo,Seldovia C-5 NE,Topographic,0,1,,1987,1,0,1,1,,,
Seldovia C-5 NW,353787,1987,25000,AK_Seldovia C-5 NW_353787_1987_25000_geo.tif,AK_Seldovia C-5 NW_353787_1987_25000_geo,Seldovia C-5 NW,Topographic,0,1,,1987,1,0,1,1,,,
Seldovia C-5 SE,353788,1987,25000,AK_Seldovia C-5 SE_353788_1987_25000_geo.tif,AK_Seldovia C-5 SE_353788_1987_25000_geo,Seldovia C-5 SE,Topographic,0,1,,1987,1,0,1,1,,,
Seldovia D-3 SW,353789,1987,25000,AK_Seldovia D-3 SW_353789_1987_25000_geo.tif,AK_Seldovia D-3 SW_353789_1987_25000_geo,Seldovia D-3 SW,Topographic,0,1,,1987,1,0,1,1,,,
Seldovia D-4 SE,353790,1987,25000,AK_Seldovia D-4 SE_353790_1987_25000_geo.tif,AK_Seldovia D-4 SE_353790_1987_25000_geo,Seldovia D-4 SE,Topographic,0,1,,1987,1,0,1,1,,,
Seldovia D-4 SW,353791,1987,25000,AK_Seldovia D-4 SW_353791_1987_25000_geo.tif,AK_Seldovia D-4 SW_353791_1987_25000_geo,Seldovia D-4 SW,Topographic,0,1,,1987,1,0,1,1,,,
Seldovia D-5 NE,353792,1987,25000,AK_Seldovia D-5 NE_353792_1987_25000_geo.tif,AK_Seldovia D-5 NE_353792_1987_25000_geo,Seldovia D-5 NE,Topographic,0,1,,1987,1,0,1,1,,,
Seldovia D-5 NW,353793,1987,25000,AK_Seldovia D-5 NW_353793_1987_25000_geo.tif,AK_Seldovia D-5 NW_353793_1987_25000_geo,Seldovia D-5 NW,Topographic,0,1,,1987,1,0,1,1,,,
Seldovia D-5 SE,353794,1987,25000,AK_Seldovia D-5 SE_353794_1987_25000_geo.tif,AK_Seldovia D-5 SE_353794_1987_25000_geo,Seldovia D-5 SE,Topographic,0,1,,1987,1,0,1,1,,,
Seldovia D-5 SW,353795,1987,25000,AK_Seldovia D-5 SW_353795_1987_25000_geo.tif,AK_Seldovia D-5 SW_353795_1987_25000_geo,Seldovia D-5 SW,Topographic,0,1,,1987,1,0,1,1,,,
Seward A-7 NE,353796,1983,25000,AK_Seward A-7 NE_353796_1983_25000_geo.tif,AK_Seward A-7 NE_353796_1983_25000_geo,Seward A-7 NE,Topographic,0,1,,1998,1,0,1,2,,Y,
Seward A-7 NE,464085,1983,25000,AK_Seward A-7 NE_464085_1983_25000_geo.tif,AK_Seward A-7 NE_464085_1983_25000_geo,Seward A-7 NE,Topographic,0,1,,1983,0,0,2,2,,,
Seward A-7 NW,464086,1983,25000,AK_Seward A-7 NW_464086_1983_25000_geo.tif,AK_Seward A-7 NW_464086_1983_25000_geo,Seward A-7 NW,Topographic,0,1,,1983,1,0,1,1,,,
Seward A-7 SE,353797,1983,25000,AK_Seward A-7 SE_353797_1983_25000_geo.tif,AK_Seward A-7 SE_353797_1983_25000_geo,Seward A-7 SE,Topographic,0,1,,1983,1,0,1,1,,,
Seward A-7 SW,464087,1983,25000,AK_Seward A-7 SW_464087_1983_25000_geo.tif,AK_Seward A-7 SW_464087_1983_25000_geo,Seward A-7 SW,Topographic,0,1,,1983,1,0,1,1,,,
Seward B-7 NE,353798,1983,25000,AK_Seward B-7 NE_353798_1983_25000_geo.tif,AK_Seward B-7 NE_353798_1983_25000_geo,Seward B-7 NE,Topographic,0,1,,1983,1,0,1,1,,,
Seward B-7 SE,353799,1983,25000,AK_Seward B-7 SE_353799_1983_25000_geo.tif,AK_Seward B-7 SE_353799_1983_25000_geo,Seward B-7 SE,Topographic,0,1,,1983,1,0,1,1,,,
Seward D-5 SE,353800,1984,25000,AK_Seward D-5 SE_353800_1984_25000_geo.tif,AK_Seward D-5 SE_353800_1984_25000_geo,Seward D-5 SE,Topographic,0,1,,1984,1,0,1,1,,,
Seward D-5 SW,353801,1984,25000,AK_Seward D-5 SW_353801_1984_25000_geo.tif,AK_Seward D-5 SW_353801_1984_25000_geo,Seward D-5 SW,Topographic,0,1,,1984,1,0,1,1,,,
Seward D-6 NE,353802,1984,25000,AK_Seward D-6 NE_353802_1984_25000_geo.tif,AK_Seward D-6 NE_353802_1984_25000_geo,Seward D-6 NE,Topographic,0,1,,1984,1,0,1,1,,,
Seward D-6 Nw,353803,1984,25000,AK_Seward D-6 Nw_353803_1984_25000_geo.tif,AK_Seward D-6 Nw_353803_1984_25000_geo,Seward D-6 NW,Topographic,0,1,,1984,1,0,1,1,,,1) Cell name not the same as name (Case Sensitive)
Seward D-6 SE,353804,1984,25000,AK_Seward D-6 SE_353804_1984_25000_geo.tif,AK_Seward D-6 SE_353804_1984_25000_geo,Seward D-6 SE,Topographic,0,1,,1984,1,0,1,1,,,
Seward D-7 NE,353805,1984,25000,AK_Seward D-7 NE_353805_1984_25000_geo.tif,AK_Seward D-7 NE_353805_1984_25000_geo,Seward D-7 NE,Topographic,0,1,,1984,1,0,1,1,,,
Seward D-7 NW,353806,1984,25000,AK_Seward D-7 NW_353806_1984_25000_geo.tif,AK_Seward D-7 NW_353806_1984_25000_geo,Seward D-7 NW,Topographic,0,1,,1984,1,0,1,1,,,
Seward D-8 NE,353807,1993,25000,AK_Seward D-8 NE_353807_1993_25000_geo.tif,AK_Seward D-8 NE_353807_1993_25000_geo,Seward D-8 NE,Topographic,0,0,,1993,1,0,1,1,,,
Sitka A-4 SW,353808,1987,25000,AK_Sitka A-4 SW_353808_1987_25000_geo.tif,AK_Sitka A-4 SW_353808_1987_25000_geo,Sitka A-4 SW,Topographic,0,1,,1987,1,0,1,1,,,
Sitka A-5 SE,353809,1987,25000,AK_Sitka A-5 SE_353809_1987_25000_geo.tif,AK_Sitka A-5 SE_353809_1987_25000_geo,Sitka A-5 SE,Topographic,0,1,,1987,1,0,1,1,,,
Skagway A-1 NW,353810,1991,25000,AK_Skagway A-1 NW_353810_1991_25000_geo.tif,AK_Skagway A-1 NW_353810_1991_25000_geo,Skagway A-1 NW,Topographic,0,1,,1991,1,0,1,1,,,
Skagway A-2 NE,353811,1991,25000,AK_Skagway A-2 NE_353811_1991_25000_geo.tif,AK_Skagway A-2 NE_353811_1991_25000_geo,Skagway A-2 NE,Topographic,0,1,,1991,1,0,1,1,,,
Skagway B-1 NW,353812,1991,25000,AK_Skagway B-1 NW_353812_1991_25000_geo.tif,AK_Skagway B-1 NW_353812_1991_25000_geo,Skagway B-1 NW,Topographic,0,1,,1991,1,0,1,1,,,
Skagway B-1 SW,353813,1991,25000,AK_Skagway B-1 SW_353813_1991_25000_geo.tif,AK_Skagway B-1 SW_353813_1991_25000_geo,Skagway B-1 SW,Topographic,0,1,,1991,1,0,1,1,,,
Skagway B-2 SE,353814,1991,25000,AK_Skagway B-2 SE_353814_1991_25000_geo.tif,AK_Skagway B-2 SE_353814_1991_25000_geo,Skagway B-2 SE,Topographic,0,1,,1991,1,0,1,1,,,
Skagway B-2 SW,353815,1991,25000,AK_Skagway B-2 SW_353815_1991_25000_geo.tif,AK_Skagway B-2 SW_353815_1991_25000_geo,Skagway B-2 SW,Topographic,0,1,,1991,1,0,1,1,,,
Skagway B-3 NE,353816,1991,25000,AK_Skagway B-3 NE_353816_1991_25000_geo.tif,AK_Skagway B-3 NE_353816_1991_25000_geo,Skagway B-3 NE,Topographic,0,1,,1991,1,0,1,1,,,
Skagway B-3 NW,353817,1991,25000,AK_Skagway B-3 NW_353817_1991_25000_geo.tif,AK_Skagway B-3 NW_353817_1991_25000_geo,Skagway B-3 NW,Topographic,0,1,,1991,1,0,1,1,,,
Skagway B-3 SE,353818,1991,25000,AK_Skagway B-3 SE_353818_1991_25000_geo.tif,AK_Skagway B-3 SE_353818_1991_25000_geo,Skagway B-3 SE,Topographic,0,1,,1991,1,0,1,1,,,
Skagway B-3 SW,353819,1991,25000,AK_Skagway B-3 SW_353819_1991_25000_geo.tif,AK_Skagway B-3 SW_353819_1991_25000_geo,Skagway B-3 SW,Topographic,0,1,,1991,1,0,1,1,,,
Skagway B-4 NE,353820,1992,25000,AK_Skagway B-4 NE_353820_1992_25000_geo.tif,AK_Skagway B-4 NE_353820_1992_25000_geo,Skagway B-4 NE,Topographic,0,1,,1992,1,0,1,1,,,
Skagway B-4 NW,353821,1992,25000,AK_Skagway B-4 NW_353821_1992_25000_geo.tif,AK_Skagway B-4 NW_353821_1992_25000_geo,Skagway B-4 NW,Topographic,0,1,,1992,1,0,1,1,,,
Skagway C-1 NE,353822,1992,25000,AK_Skagway C-1 NE_353822_1992_25000_geo.tif,AK_Skagway C-1 NE_353822_1992_25000_geo,Skagway C-1 NE,Topographic,0,1,,1992,1,0,1,1,,,
Skagway C-1 NW,353823,1992,25000,AK_Skagway C-1 NW_353823_1992_25000_geo.tif,AK_Skagway C-1 NW_353823_1992_25000_geo,Skagway C-1 NW,Topographic,0,1,,1992,1,0,1,1,,,
Skagway C-1 SE,353824,1992,25000,AK_Skagway C-1 SE_353824_1992_25000_geo.tif,AK_Skagway C-1 SE_353824_1992_25000_geo,Skagway C-1 SE,Topographic,0,1,,1992,1,0,1,1,,,
Skagway C-1 SW,353825,1991,25000,AK_Skagway C-1 SW_353825_1991_25000_geo.tif,AK_Skagway C-1 SW_353825_1991_25000_geo,Skagway C-1 SW,Topographic,0,1,,1991,1,0,1,1,,,
Talkeetna A-1 NE,353827,1987,25000,AK_Talkeetna A-1 NE_353827_1987_25000_geo.tif,AK_Talkeetna A-1 NE_353827_1987_25000_geo,Talkeetna A-1 NE,Topographic,0,1,,1987,1,0,1,2,2,Y,
Talkeetna A-1 NE,353828,1987,25000,AK_Talkeetna A-1 NE_353828_1987_25000_geo.tif,AK_Talkeetna A-1 NE_353828_1987_25000_geo,Talkeetna A-1 NE,Topographic,0,1,,1987,0,0,2,2,2,,
Talkeetna A-1 SE,353829,1987,25000,AK_Talkeetna A-1 SE_353829_1987_25000_geo.tif,AK_Talkeetna A-1 SE_353829_1987_25000_geo,Talkeetna A-1 SE,Topographic,0,1,,1987,1,0,1,1,,,
Talkeetna B-1 NE,353830,1987,25000,AK_Talkeetna B-1 NE_353830_1987_25000_geo.tif,AK_Talkeetna B-1 NE_353830_1987_25000_geo,Talkeetna B-1 NE,Topographic,0,1,,1987,1,0,1,1,,,
Talkeetna B-1 NW,353831,1987,25000,AK_Talkeetna B-1 NW_353831_1987_25000_geo.tif,AK_Talkeetna B-1 NW_353831_1987_25000_geo,Talkeetna B-1 NW,Topographic,0,1,,1987,1,0,1,1,,,
Talkeetna B-1 SE,353832,1987,25000,AK_Talkeetna B-1 SE_353832_1987_25000_geo.tif,AK_Talkeetna B-1 SE_353832_1987_25000_geo,Talkeetna B-1 SE,Topographic,0,1,,1987,0,0,2,2,2,,
Talkeetna B-1 SE,353833,1987,25000,AK_Talkeetna B-1 SE_353833_1987_25000_geo.tif,AK_Talkeetna B-1 SE_353833_1987_25000_geo,Talkeetna B-1 SE,Topographic,0,1,,1987,1,0,1,2,2,Y,
Talkeetna B-1 SW,353834,1987,25000,AK_Talkeetna B-1 SW_353834_1987_25000_geo.tif,AK_Talkeetna B-1 SW_353834_1987_25000_geo,Talkeetna B-1 SW,Topographic,0,1,,1987,1,0,1,1,,,
Talkeetna C-1 SE,353835,1987,25000,AK_Talkeetna C-1 SE_353835_1987_25000_geo.tif,AK_Talkeetna C-1 SE_353835_1987_25000_geo,Talkeetna C-1 SE,Topographic,0,1,,1987,1,0,1,1,,,
Tyonek A-1 NE,353836,1979,25000,AK_Tyonek A-1 NE_353836_1979_25000_geo.tif,AK_Tyonek A-1 NE_353836_1979_25000_geo,Tyonek A-1 NE,Topographic,0,0,1993,1993,1,0,1,2,,,
Tyonek A-1 NE,353837,1979,25000,AK_Tyonek A-1 NE_353837_1979_25000_geo.tif,AK_Tyonek A-1 NE_353837_1979_25000_geo,Tyonek A-1 NE,Topographic,0,0,,1980,0,0,2,2,,,
Tyonek A-1 NW,353838,1979,25000,AK_Tyonek A-1 NW_353838_1979_25000_geo.tif,AK_Tyonek A-1 NW_353838_1979_25000_geo,Tyonek A-1 NW,Topographic,0,0,1993,1993,1,0,1,2,,,
Tyonek A-1 NW,353839,1979,25000,AK_Tyonek A-1 NW_353839_1979_25000_geo.tif,AK_Tyonek A-1 NW_353839_1979_25000_geo,Tyonek A-1 NW,Topographic,0,0,,1980,0,0,2,2,,,
Tyonek A-1 SW,353840,1986,25000,AK_Tyonek A-1 SW_353840_1986_25000_geo.tif,AK_Tyonek A-1 SW_353840_1986_25000_geo,Tyonek A-1 SW,Topographic,0,1,,1986,1,0,1,1,,,
Tyonek A-2 SE,353841,1986,25000,AK_Tyonek A-2 SE_353841_1986_25000_geo.tif,AK_Tyonek A-2 SE_353841_1986_25000_geo,Tyonek A-2 SE,Topographic,0,1,,1986,1,0,1,1,,,
Tyonek B-1 NE,353842,1979,25000,AK_Tyonek B-1 NE_353842_1979_25000_geo.tif,AK_Tyonek B-1 NE_353842_1979_25000_geo,Tyonek B-1 NE,Topographic,0,0,1993,1993,1,0,1,1,,,
Tyonek B-1 NE,353843,1979,25000,AK_Tyonek B-1 NE_353843_1979_25000_geo.tif,AK_Tyonek B-1 NE_353843_1979_25000_geo,Tyonek B-1 NE,Topographic,1,0,,1980,0,1,1,1,,,
Tyonek B-1 SE,353844,1979,25000,AK_Tyonek B-1 SE_353844_1979_25000_geo.tif,AK_Tyonek B-1 SE_353844_1979_25000_geo,Tyonek B-1 SE,Topographic,0,0,1993,1993,1,0,1,1,,,
Tyonek B-1 SE,353845,1979,25000,AK_Tyonek B-1 SE_353845_1979_25000_geo.tif,AK_Tyonek B-1 SE_353845_1979_25000_geo,Tyonek B-1 SE,Topographic,1,0,,1980,0,1,1,1,,,
Tyonek C-1 NE,353846,1979,25000,AK_Tyonek C-1 NE_353846_1979_25000_geo.tif,AK_Tyonek C-1 NE_353846_1979_25000_geo,Tyonek C-1 NE,Topographic,0,0,1993,1993,1,0,1,1,,,
Tyonek C-1 NE,353847,1979,25000,AK_Tyonek C-1 NE_353847_1979_25000_geo.tif,AK_Tyonek C-1 NE_353847_1979_25000_geo,Tyonek C-1 NE,Topographic,1,0,,1981,0,1,1,1,,,
Tyonek C-1 SE,353848,1979,25000,AK_Tyonek C-1 SE_353848_1979_25000_geo.tif,AK_Tyonek C-1 SE_353848_1979_25000_geo,Tyonek C-1 SE,Topographic,0,0,1993,1993,1,0,1,1,,,
Tyonek C-1 SE,353849,1979,25000,AK_Tyonek C-1 SE_353849_1979_25000_geo.tif,AK_Tyonek C-1 SE_353849_1979_25000_geo,Tyonek C-1 SE,Topographic,1,0,,1980,0,1,1,1,,,
Tyonek D-1 NE,353850,1987,25000,AK_Tyonek D-1 NE_353850_1987_25000_geo.tif,AK_Tyonek D-1 NE_353850_1987_25000_geo,Tyonek D-1 NE,Topographic,0,1,,1987,1,0,1,1,,,
Tyonek D-1 SE,353851,1983,25000,AK_Tyonek D-1 SE_353851_1983_25000_geo.tif,AK_Tyonek D-1 SE_353851_1983_25000_geo,Tyonek D-1 SE,Topographic,0,1,,1983,1,0,1,1,,,
Unimak B-2 NE,361640,1958,25000,AK_Unimak B-2 NE_361640_1958_25000_geo.tif,AK_Unimak B-2 NE_361640_1958_25000_geo,Unimak B-2 NE,MIlitary,0,0,,1958,1,0,1,1,,,
Valdez A-6 NW,353852,1983,25000,AK_Valdez A-6 NW_353852_1983_25000_geo.tif,AK_Valdez A-6 NW_353852_1983_25000_geo,Valdez A-6 NW,Topographic,0,0,,1983,1,0,1,1,,,
Valdez A-6 SE,353853,1983,25000,AK_Valdez A-6 SE_353853_1983_25000_geo.tif,AK_Valdez A-6 SE_353853_1983_25000_geo,Valdez A-6 SE,Topographic,0,0,,1983,1,0,1,1,,,
Valdez A-6 SW,353854,1983,25000,AK_Valdez A-6 SW_353854_1983_25000_geo.tif,AK_Valdez A-6 SW_353854_1983_25000_geo,Valdez A-6 SW,Topographic,0,0,,1983,1,0,1,1,,,
Valdez A-7 NE,353855,1983,25000,AK_Valdez A-7 NE_353855_1983_25000_geo.tif,AK_Valdez A-7 NE_353855_1983_25000_geo,Valdez A-7 NE,Topographic,0,0,,1983,0,0,2,2,2,,1) Purplish Hue
Valdez A-7 NE,464269,1983,25000,AK_Valdez A-7 NE_464269_1983_25000_geo.tif,AK_Valdez A-7 NE_464269_1983_25000_geo,Valdez A-7 NE,Topographic,0,0,,1983,1,0,1,2,2,,
Valdez A-7 SE,353856,1983,25000,AK_Valdez A-7 SE_353856_1983_25000_geo.tif,AK_Valdez A-7 SE_353856_1983_25000_geo,Valdez A-7 SE,Topographic,0,0,,1983,1,0,1,1,,,
Yakutat B-4 NW,353857,1987,25000,AK_Yakutat B-4 NW_353857_1987_25000_geo.tif,AK_Yakutat B-4 NW_353857_1987_25000_geo,Yakutat B-4 NW,Topographic,0,1,,1988,1,0,1,1,,,
Yakutat B-5 NE,353858,1987,25000,AK_Yakutat B-5 NE_353858_1987_25000_geo.tif,AK_Yakutat B-5 NE_353858_1987_25000_geo,Yakutat B-5 NE,Topographic,0,1,,1988,1,0,1,1,,,
Yakutat C-4 SE,353859,1987,25000,AK_Yakutat C-4 SE_353859_1987_25000_geo.tif,AK_Yakutat C-4 SE_353859_1987_25000_geo,Yakutat C-4 SE,Topographic,0,1,,1988,1,0,1,1,,,
Yakutat C-4 SW,353860,1987,25000,AK_Yakutat C-4 SW_353860_1987_25000_geo.tif,AK_Yakutat C-4 SW_353860_1987_25000_geo,Yakutat C-4 SW,Topographic,0,1,,1988,1,0,1,1,,,
Yakutat C-5 SE,353861,1987,25000,AK_Yakutat C-5 SE_353861_1987_25000_geo.tif,AK_Yakutat C-5 SE_353861_1987_25000_geo,Yakutat C-5 SE,Topographic,0,1,,1988,1,0,1,1,,,
Yakutat C-5 SW,353862,1987,25000,AK_Yakutat C-5 SW_353862_1987_25000_geo.tif,AK_Yakutat C-5 SW_353862_1987_25000_geo,Yakutat C-5 SW,Topographic,0,1,,1988,1,0,1,2,2,Y,
Yakutat C-5 SW,353863,1987,25000,AK_Yakutat C-5 SW_353863_1987_25000_geo.tif,AK_Yakutat C-5 SW_353863_1987_25000_geo,Yakutat C-5 SW,Topographic,0,1,,1988,0,0,2,2,2,,
